long,lat
-122.3853462363616,37.10619916457063
-122.51782698761849,37.58755648285171
-122.59588205326511,37.97792946958372
-122.19275803741557,37.71464357831819
-122.29331004214872,37.65510465282868
-122.56130664889082,37.28779631371407
-122.71841221655282,37.087338475866034
-122.95310471746926,37.359605522957146
-122.85140975368886,37.89126305004809
-122.09517229922167,37.610516783501765
-122.97364614006547,37.068198086921036
-122.08439392986939,37.49088871700165
-122.86388963012456,37.64659661330074
-122.0828421334118,37.10266006056898
-122.95499379176923,37.40172760264556
-122.56752319680423,37.98995489424496
-122.82795478949872,37.15939041317418
-122.0382813851871,37.11939213360428
-122.30355218487043,37.217508244603096
-122.92620878760403,37.307618768263715
-122.23288152294018,37.3919396300731
-122.1994184892846,37.60112381152476
-122.04301389175387,37.58386810596282
-122.17542255002022,37.74689966449961
-122.6369503485799,37.79069390056582
-122.77080389987663,37.34361338705576
-122.57553267745266,37.55854562439786
-122.28163976947464,37.952882895876286
-122.53136928441053,37.61850525544802
-122.45556041279623,37.35178548200401
-122.07941461686832,37.802180412149575
-122.28730390892103,37.41609925771017
-122.93582538186239,37.79862874848985
-122.19938152423246,37.78017018034824
-122.37445656144398,37.771150787637886
-122.83098466775873,37.02918498980776
-122.14961188562948,37.25766890275738
-122.99211626097141,37.37890987609835
-122.13114378567548,37.37839500606832
-122.13366254394282,37.99330245019085
-122.97702176480385,37.462625143158334
-122.26191687139828,37.41873747588605
-122.57238889338268,37.75524908824102
-122.41341946700969,37.91012761433376
-122.9933941488761,37.78289109851544
-122.2678184903392,37.36323810894818
-122.63364038957641,37.4326844867514
-122.34665614261822,37.29966835797974
-122.87341180493372,37.09885885406593
-122.84147547498867,37.53498978463123
-122.15927684997123,37.05301675219735
-122.90952885009608,37.11261370302861
-122.92728075223961,37.548512051530274
-122.48751916471569,37.14505344278046
-122.26367901167083,37.646926763568906
-122.38500736012148,37.453254684566495
-122.69084627475826,37.60532862809342
-122.4501091120764,37.89469941623482
-122.46114799349091,37.213386060131185
-122.35935251239313,37.27677902227423
-122.26450652349737,37.503849383005715
-122.38215819495642,37.080176082113
-122.46763499298571,37.01297888071886
-122.06345041423481,37.22516986407873
-122.83244292448155,37.73309499921954
-122.58163842248685,37.80106549270965
-122.20214662666638,37.31909719230053
-122.80371348646342,37.26850117444613
-122.63779086815063,37.10418881560877
-122.35624689222887,37.76989714081337
-122.68344034973035,37.14213072365033
-122.04487562877051,37.454721381494934
-122.45189180409149,37.816445997964536
-122.40700698201054,37.14433696664948
-122.20476886616287,37.089107568681214
-122.56973395772589,37.9168009529204
-122.1985037717722,37.08367245545929
-122.12672004469752,37.08859116459608
-122.61613748844178,37.686695340008974
-122.68001009929695,37.1024520875739
-122.42982457761994,37.31441982140766
-122.51282614891316,37.224678001452254
-122.23411887676686,37.252888803035866
-122.67086494649361,37.23684279170353
-122.01300958523406,37.56492087800851
-122.43336315903066,37.75729036325895
-122.81611951281346,37.89250519642964
-122.3170063895295,37.30225831843698
-122.33943656736716,37.91232875192413
-122.47296952451498,37.27112715474384
-122.38175200288157,37.42948924463928
-122.55368766167398,37.03242224461724
-122.39026872542195,37.32440243900869
-122.35261087023497,37.20109227470374
-122.63841388236274,37.055192962821934
-122.02522434569842,37.23842724893671
-122.81949628513168,37.78145859557681
-122.08183085319926,37.64381726388083
-122.50585909374195,37.139197324138024
-122.94362000225244,37.96566532813163
-122.50895972119967,37.203838190292295
-122.69917513977323,37.024989205968765
-122.52993267057622,37.59438626911255
-122.59583665212725,37.162798901094604
-122.06747187817037,37.83449961598208
-122.56475308905989,37.14332468944291
-122.70783924703247,37.18894476925953
-122.47030668363587,37.37109097674315
-122.38645030440176,37.70909907547265
-122.4003427713348,37.386400165291725
-122.12220063786995,37.403976006129966
-122.43645305055304,37.931029233690474
-122.32724251749238,37.00980978246842
-122.3900652513611,37.28466670590389
-122.85805477513483,37.80290217189337
-122.64752427483069,37.947395022549955
-122.51432396728188,37.36331671360732
-122.48603964817505,37.32654528696122
-122.69550178696306,37.58136072243121
-122.85983740269728,37.448413461374734
-122.4079169589958,37.17023036692543
-122.00661534908946,37.409070684501124
-122.57899269885333,37.62751452772522
-122.7458375334776,37.02257031499197
-122.01600890207988,37.47788881167337
-122.17014513369827,37.401644106859926
-122.3246538549244,37.52800498901948
-122.38664717509577,37.37481558344533
-122.65706929122362,37.77781665058273
-122.07324640725847,37.4768649937257
-122.4849983617675,37.898358044097655
-122.58352687507417,37.02771724554425
-122.73867107538025,37.525067236566024
-122.46063563408826,37.293050307608006
-122.14839301021802,37.54357262358048
-122.81591734171785,37.47896529851413
-122.93074399634381,37.576261912681844
-122.28877291181487,37.37930011831871
-122.92420724621631,37.12047173864573
-122.53742135603686,37.77819898546279
-122.33608650263861,37.39819488107063
-122.11952107784171,37.66268764407485
-122.04569506911133,37.433633444271976
-122.12470771279636,37.85342230634317
-122.75750444922011,37.22711549807458
-122.72249429083772,37.26212544383539
-122.50231819448915,37.10410186077513
-122.94494399385339,37.31718230087495
-122.55480811743797,37.27917440829522
-122.14404464539183,37.133771219441414
-122.29720210777334,37.53619878475978
-122.03434095589466,37.35413365733825
-122.06954310875489,37.26523296195907
-122.34010130025734,37.32592212323037
-122.54828342195705,37.160876797505374
-122.8634408791778,37.20895924910809
-122.83123114324766,37.39853783267614
-122.5759313077094,37.14846975805612
-122.7734531689919,37.62696796488475
-122.23037641666726,37.84124383432279
-122.6645242522253,37.93032183052922
-122.24659177008567,37.94194376999731
-122.6853016438366,37.650334110311505
-122.85199457615963,37.88481187043816
-122.94154657196079,37.93512613662554
-122.57018533819505,37.064609477668206
-122.18355698064073,37.401093727640536
-122.43491596408244,37.367289564274664
-122.74872641408368,37.41621987367483
-122.59479491310766,37.33956413796652
-122.37226250520776,37.330768104203955
-122.82560021396202,37.42777641442116
-122.74729377943599,37.43036647045826
-122.6434477747133,37.08644999042487
-122.5422112478247,37.983843838824846
-122.1272020536954,37.582444945538846
-122.77667516278228,37.27954336420115
-122.37722890256082,37.77815169207395
-122.16770012418642,37.35769103450333
-122.11396921495454,37.84975028690279
-122.45274878427598,37.4389751848292
-122.89088984438253,37.627913701473695
-122.61909135266902,37.20588146336451
-122.67020205176122,37.426664261723865
-122.62033587481916,37.87525838584764
-122.18463508547875,37.664671264887396
-122.1484746900706,37.00671796156797
-122.85282219564266,37.18950485314333
-122.92876230137652,37.60924608750266
-122.46123748978444,37.32307899759195
-122.36025577769465,37.76037037149944
-122.52251529852255,37.47765934277926
-122.8517352037205,37.75452163690833
-122.20560217574196,37.7970732010254
-122.0443221027044,37.961086571717175
-122.57617354305317,37.64998141760932
-122.35699484448054,37.56710051556324
-122.15555494257397,37.2909227635286
-122.18418234634284,37.991769325785775
-122.8459267642538,37.90575730324992
-122.41930044766399,37.41141335576001
-122.21248875030777,37.879301874332675
-122.18340326843047,37.22802395878056
-122.06776068528212,37.96484188386728
-122.38538858078508,37.89682551951047
-122.56215418080836,37.32429786629693
-122.46891459095859,37.39232158488283
-122.61103183139633,37.241942628448584
-122.00410390196181,37.3787610702717
-122.3772427520297,37.24744932170646
-122.98853682992531,37.71185277822381
-122.99917518348077,37.861449572003664
-122.84727797961759,37.65567140105302
-122.28116544042263,37.957031939583885
-122.8451995895473,37.15376424187408
-122.88773990156542,37.7233192607183
-122.08336456699661,37.913416625996845
-122.94519185413917,37.93338145770294
-122.14466262606425,37.729416750503816
-122.2901771527562,37.73295974292393
-122.11711531430463,37.38908523355828
-122.96561372947076,37.54030488415405
-122.44567802671881,37.40223458740339
-122.2088421452176,37.80607952297486
-122.00181696754903,37.49636273307092
-122.62173628837418,37.69082869442417
-122.25036395386235,37.398668704513305
-122.9995966916444,37.929461779122775
-122.17175076175829,37.30530026035642
-122.64081225475381,37.39867141381075
-122.44040687229791,37.62045420765271
-122.16749530932817,37.02752443978697
-122.99800536965569,37.812938787943054
-122.94094044202198,37.2192919819486
-122.20255367187185,37.86581443815514
-122.3256717272179,37.408976092689564
-122.72539405939155,37.37804347977257
-122.8296399963805,37.20605120738487
-122.47695602250586,37.45290125256906
-122.45001737195243,37.01729660356546
-122.64445276215689,37.12003467193939
-122.34519460628769,37.30838851178648
-122.93609715351079,37.25323299327074
-122.38955973263101,37.422703306873956
-122.97004549937276,37.826581637340055
-122.40834714705717,37.49346875699324
-122.48692604157218,37.40003552514803
-122.82339380491538,37.51607811885115
-122.33165249632403,37.76746529090992
-122.79024347022009,37.64947984928561
-122.33055611896637,37.604630619981926
-122.28550310986691,37.26870803229681
-122.44207283087323,37.11776954593134
-122.92898734770381,37.15714066031227
-122.01799422861404,37.51787967063405
-122.00382657287963,37.76008723670531
-122.16699688697649,37.605144125233004
-122.18659296983083,37.86095782581513
-122.66796085321477,37.91743916647644
-122.16297702495606,37.961844777518806
-122.42228787700265,37.76136567198839
-122.51691685889149,37.89788981623043
-122.89995000256393,37.415677616340496
-122.24788213866005,37.775666719926164
-122.5063313697805,37.16811578990344
-122.20395616686821,37.47350216522395
-122.84944765921753,37.834769959573755
-122.8405899884284,37.623770469231815
-122.35392804361203,37.46674679960454
-122.82865981648277,37.83654939257666
-122.08125718656781,37.1658246620315
-122.17874129263812,37.3486319334068
-122.09762188046875,37.38114646744003
-122.41413550471547,37.33581792887414
-122.87342940264483,37.75393788539991
-122.9230827250313,37.39658827705409
-122.27141326591439,37.29273148809493
-122.92450268677572,37.198603224786886
-122.99029577404579,37.65284369494775
-122.59350733758416,37.13469505986706
-122.31403069735354,37.55023164904116
-122.75709400099237,37.368608387154886
-122.56959967598304,37.16104808987944
-122.23461105061563,37.89345101353917
-122.51439743711165,37.399141362139154
-122.3450147564287,37.84607823635629
-122.16947387949,37.56379641199445
-122.30893587448749,37.05614983723666
-122.84206537388965,37.682299549809606
-122.96177512578997,37.48773374568004
-122.81520027793734,37.80775029231601
-122.42923807454115,37.66982940932702
-122.44621930286858,37.09462228835636
-122.86156695881179,37.52658159538524
-122.79674060326477,37.73667146845318
-122.93486227778455,37.403213936030276
-122.62705687018365,37.58373518751425
-122.89481016874281,37.07624346592124
-122.52302955962892,37.519275921330326
-122.48920283909679,37.017072946393796
-122.2103963234637,37.231958935919884
-122.32391329482051,37.08791633460622
-122.2480542191293,37.49209181126792
-122.22425576163745,37.55814478670387
-122.40330332430689,37.51567198219785
-122.22082984613354,37.90366457965021
-122.9972195961837,37.75515280560618
-122.49599652172715,37.20571753768775
-122.8893201449425,37.15192885231186
-122.73878787576383,37.93647397156965
-122.52724093198968,37.2406186118711
-122.67076352287485,37.986819891650576
-122.72053858636565,37.08484141904159
-122.28818172679496,37.0549807688245
-122.38512607726426,37.65544921904388
-122.66460479431784,37.19014240081183
-122.29329789479205,37.01283449099807
-122.04745594646835,37.05442432810971
-122.91839840233169,37.39690567499811
-122.16889676681213,37.60019484357273
-122.74780390758825,37.7940930100171
-122.29603494544256,37.473595169105586
-122.12389907638823,37.81009214039387
-122.26294552369244,37.81273551142382
-122.72704828443248,37.3821805552127
-122.11063859898447,37.38817081539318
-122.7355235179892,37.75489090514761
-122.25423673858761,37.54316990159197
-122.61009301025615,37.65861030533865
-122.4540046525009,37.64500369079683
-122.54430632833285,37.15091085799446
-122.89642767553838,37.58295237312168
-122.68712780369663,37.749877143203264
-122.73525441028305,37.43799630231409
-122.54352919799784,37.82884547537982
-122.60209604765318,37.11438437808416
-122.38253613231508,37.321482906505004
-122.61593970495393,37.50623696975018
-122.64129354890709,37.16118158395726
-122.04262364888504,37.84722466881393
-122.03392881384461,37.689395827827866
-122.21685907374902,37.6415614255815
-122.29287221138824,37.912804795486345
-122.39512830631921,37.413526393526205
-122.87499831602607,37.17710690694472
-122.52303409158175,37.40402853377488
-122.04731383356331,37.04799615050257
-122.98337565196864,37.09200669623686
-122.59636428143985,37.66917534345946
-122.59733383259258,37.8681394347515
-122.20534573157013,37.59191374767029
-122.98482683855168,37.1451180626451
-122.75923641887589,37.419654894091785
-122.6020567320528,37.26509125878557
-122.34043606871077,37.61415281759364
-122.15863074010782,37.64701951190516
-122.62706321744182,37.270577969074616
-122.72409811006438,37.815839771250374
-122.47234993222692,37.88384678889725
-122.69361723461367,37.84250233087809
-122.51317944941835,37.02954529795405
-122.42035111782283,37.4693500538543
-122.53790189511797,37.478805625910596
-122.60720504213273,37.64251234317422
-122.17793645553967,37.33423985121707
-122.44916176712785,37.43175489491476
-122.97878956363667,37.330348190961296
-122.23518453316996,37.54830807416667
-122.0961334037183,37.583819851177694
-122.77607765536963,37.31133521589857
-122.10991584998068,37.79152705653733
-122.85884548362716,37.90190816561676
-122.35021703183,37.68224509944312
-122.61538179855465,37.319305774954145
-122.1227404758936,37.82858018437799
-122.6938533329227,37.16797168008118
-122.78832288433013,37.693020022236176
-122.99120187252863,37.231585524669924
-122.61756510508484,37.41681081522655
-122.79719032518824,37.46716471200824
-122.80598709994183,37.80127601457573
-122.07540723635414,37.75573103592912
-122.88861704618766,37.696535350653434
-122.61838487126488,37.856419511929744
-122.53195344363122,37.714689762253656
-122.78811643138447,37.44838259381099
-122.21859670996636,37.79689547543604
-122.05933147012257,37.51076318201267
-122.22003544377219,37.6304507170373
-122.7458031654826,37.83221542409303
-122.28838630753341,37.43920648378124
-122.13117163170449,37.973426680013816
-122.52235325588312,37.0684801174116
-122.61211831239122,37.94774699582472
-122.58025213831682,37.95559904362918
-122.48959412938119,37.55142466042758
-122.63378281630082,37.47524830707259
-122.50372629479129,37.343428502354996
-122.95023839746531,37.77263319532542
-122.21961604537597,37.57031592663236
-122.6355083193508,37.1999268249042
-122.45588680584126,37.82945054664716
-122.75760288279659,37.21436467505894
-122.00978690416335,37.283239381565856
-122.93137951100356,37.33004713615556
-122.52809310200549,37.04448344807475
-122.18052853299851,37.872619734261455
-122.08755056337299,37.399019266821945
-122.9987788482011,37.591652688296264
-122.56932030246655,37.67815483203334
-122.24420913158086,37.28680986386411
-122.50842064316979,37.34433885375859
-122.95527618061749,37.26883692835586
-122.36059988599675,37.22172546690767
-122.5437854489293,37.199172621316706
-122.37583191843663,37.937377058518436
-122.75574909811704,37.149562390230145
-122.93287211106376,37.646582740558195
-122.18377295282058,37.03326674971825
-122.79089218886668,37.21391603024403
-122.28084259951187,37.92358904226816
-122.32238126706471,37.54702648665918
-122.40812662094818,37.86366900976958
-122.24373337740431,37.667240142164296
-122.58269805577065,37.03057205328068
-122.19389403922301,37.13854817907358
-122.16903611854946,37.624074467865626
-122.64868582756138,37.021810875614825
-122.76004772334495,37.584439491864266
-122.54013827339102,37.53895196490854
-122.40503499935195,37.43562536006199
-122.39526980262039,37.64884642257723
-122.09855045390661,37.94444903091126
-122.17835159585131,37.40480580663384
-122.15422690945782,37.33175029722373
-122.29394529131423,37.612025042338566
-122.86922687333556,37.79274088288871
-122.96771424412665,37.75744969181994
-122.82012512987036,37.84540556739211
-122.9790232998853,37.94928820763447
-122.89668918231253,37.65481211187685
-122.76286681477609,37.59425189990456
-122.06870851312873,37.81391900987234
-122.65815147728813,37.4961556406139
-122.98947251329078,37.97659089265281
-122.37341829176685,37.73107682558161
-122.6706819291046,37.456190277272874
-122.57010140452417,37.587390456154374
-122.89894448096858,37.531411202265936
-122.21762855162318,37.34241960568914
-122.5474296173528,37.31010719670269
-122.23779432340393,37.95342166773514
-122.58952587997457,37.505394111328535
-122.23213868670392,37.4530168419897
-122.6319958214873,37.626775863232155
-122.05355467321375,37.340554051703734
-122.1948201088009,37.55362608835616
-122.18354180779498,37.55049879105885
-122.6160764241624,37.22414169034134
-122.01485668944078,37.35247413479094
-122.74514519899915,37.721586490645855
-122.62620207658938,37.36656050980854
-122.02150092292278,37.45527799236313
-122.26687752566725,37.581873171247054
-122.86094460135737,37.61386126500817
-122.41085915276022,37.60125740918194
-122.647746231033,37.516166677521994
-122.17957195423986,37.4271757699075
-122.4406796855398,37.00650275786781
-122.53808305337803,37.789898260389435
-122.22140009627785,37.11683361403619
-122.45199472435922,37.19553195759495
-122.04124093031848,37.76961958117878
-122.35507252901442,37.903002829652195
-122.78315963547928,37.599677427422925
-122.09990005583535,37.191079170866026
-122.2232978541392,37.967378005214776
-122.53550517008013,37.469379442283845
-122.94573137710574,37.40628245817078
-122.29421516835203,37.65976466406166
-122.11049380238408,37.26039154507548
-122.020302672423,37.96357517821282
-122.74662256087666,37.30325685119376
-122.03051162175305,37.01962058647784
-122.56512979750964,37.32279733673763
-122.64996969592542,37.6541141703582
-122.13380715948283,37.19168599067791
-122.81375135831608,37.714359798046424
-122.01481083499759,37.35018944175837
-122.19599191170266,37.76396734655369
-122.08498751826035,37.480217955084335
-122.03754540336594,37.63993488334959
-122.42917231893442,37.80055823031684
-122.56077109030477,37.61822922167358
-122.9361178861802,37.51398411006288
-122.4253554265466,37.54247517173786
-122.30723983966573,37.166499617288196
-122.35841534700546,37.99493897729087
-122.78359546267842,37.18610658721115
-122.94382796676352,37.88655226382959
-122.52143919586605,37.63034798510419
-122.289775467311,37.00327475865455
-122.40314005832302,37.99396480286903
-122.34493888351297,37.78289688229822
-122.93416783817624,37.86455630153332
-122.76685054283939,37.070769152649184
-122.37648219420049,37.573814515510264
-122.8641812743881,37.80570390155069
-122.56275678404104,37.62409854534226
-122.25476142716477,37.63473330656052
-122.06831701590549,37.73639934367907
-122.74349529571356,37.87223275455103
-122.74704404160391,37.905071907414
-122.41946878891383,37.96736385378095
-122.14621584130654,37.1596829671129
-122.6490342792305,37.051983794953635
-122.3201155714489,37.047661180592016
-122.72678494963509,37.88230888823326
-122.9950591107085,37.77021798128448
-122.26436819116776,37.05430242856004
-122.70703921548565,37.225647671634334
-122.63249701310903,37.09013546954027
-122.79781350913161,37.252849360935386
-122.24231681197382,37.782621183011194
-122.58402704462482,37.126202345192894
-122.72041394550303,37.80013008986769
-122.01861580132832,37.07330115463516
-122.58477113556148,37.76076640818453
-122.64745496181976,37.35740896484419
-122.4339558074355,37.81383386579366
-122.26915503733142,37.45781045696236
-122.59427178774067,37.824942657780724
-122.7801051538723,37.555234167243526
-122.61894957058658,37.853044509972115
-122.65662292767159,37.06953375214037
-122.73636535972493,37.18708924978033
-122.74741337431179,37.77972400464136
-122.28589586093112,37.74481100821997
-122.70948534381446,37.34460896224661
-122.27988968918471,37.46071396246146
-122.17771511702145,37.33102453037274
-122.16682787519468,37.96278846066829
-122.30278609781907,37.90881591264438
-122.85587228011799,37.69534507526555
-122.98034927829204,37.110094704865
-122.39916924859983,37.77928811893667
-122.9721496878955,37.542590317399885
-122.85392938197096,37.22588379272549
-122.14934603763854,37.46745320964551
-122.05174482132902,37.886540876154825
-122.17080265530798,37.16810502356731
-122.11143612644767,37.29827446914182
-122.11055576595241,37.36731087123513
-122.38032177764958,37.10227046438423
-122.88523071538015,37.32674382962447
-122.44398718000508,37.570315080964015
-122.0797357972091,37.49445413039441
-122.35558619178501,37.19117478584369
-122.97468791405376,37.51321549814821
-122.19613439192422,37.162304000629206
-122.06822396658866,37.31542708189773
-122.66621734639598,37.59236697571738
-122.42367839798985,37.04456858658904
-122.78669427418264,37.586067802311376
-122.2657170736279,37.3876694695495
-122.1938390193654,37.274898507839524
-122.10923005536876,37.09147582575534
-122.45702180455471,37.80925389854799
-122.5284622564203,37.253939446861814
-122.09906096178608,37.09944695974165
-122.41616601679297,37.31732784873735
-122.35327975013251,37.149650178515564
-122.40222381824341,37.020498785845746
-122.794155659699,37.88492110556414
-122.69462287511296,37.06976807489666
-122.23738511099026,37.54787676277785
-122.46280570357007,37.520802378498075
-122.79485321327641,37.443872488630134
-122.03439703143712,37.705753352637714
-122.7033142893536,37.98111928331332
-122.06662803713793,37.079086094965824
-122.0684076028971,37.77992296071029
-122.19760806925137,37.5700998502311
-122.64697300263322,37.58958279064697
-122.70382164864198,37.82667348224826
-122.7752926640558,37.45185089878602
-122.05153655882529,37.699183772896006
-122.95116149372816,37.711200630011696
-122.2113910625352,37.6414421871332
-122.18747750397398,37.64976623617592
-122.24825492683074,37.98221355271777
-122.81627599685768,37.78724491540492
-122.6179730209173,37.999828923938075
-122.83975832391477,37.34197065861715
-122.56030594804074,37.66495010413269
-122.84537096912635,37.514534973427914
-122.30250257790162,37.81552504529578
-122.17256888380194,37.22424764110875
-122.94177764740668,37.069521409173845
-122.54780241795055,37.63023829786884
-122.81144289723645,37.77646986909829
-122.91244174452555,37.24612510750882
-122.87208925919028,37.722787775887994
-122.80350758576428,37.79082354402668
-122.060911295158,37.40412352664364
-122.45363197574771,37.18833882892117
-122.27847510474616,37.89520216906837
-122.91140737904507,37.11003378874903
-122.25654653667723,37.73252711221331
-122.55853163697985,37.309179812281364
-122.72088403697579,37.87107598771737
-122.26929179389067,37.54352016619819
-122.28689242763902,37.496269915038724
-122.8600034144289,37.78393188663129
-122.59286140496164,37.38731419557234
-122.82857880486986,37.474523087358115
-122.55917659148864,37.013664948687875
-122.01451201783355,37.32037833461584
-122.82294783142744,37.642387926579794
-122.19074328316086,37.72701902741606
-122.15959386831852,37.08615116703338
-122.16228178370116,37.493443128268474
-122.10660150923543,37.45341169982948
-122.01052912921604,37.65309570753459
-122.77347272045688,37.096987213057275
-122.36236901051394,37.54407734633695
-122.56044210393583,37.793678849229735
-122.58615885006844,37.75078846510972
-122.43601070279811,37.105982987617054
-122.10703595564735,37.956264809446346
-122.55594281715851,37.96365827263469
-122.67610003582594,37.24937558424229
-122.37044277066516,37.275207415647394
-122.39504029717185,37.05615809881846
-122.74724287285997,37.03227420664507
-122.82965438730521,37.66829709264372
-122.07181377609605,37.26720572494049
-122.10031981769211,37.079238708538
-122.8048042583448,37.87760280096026
-122.82077995419569,37.447963940529476
-122.17504210034544,37.03419935271514
-122.71711111774306,37.45621501452153
-122.18227223367582,37.810488543142526
-122.09817920235122,37.221873501016184
-122.31315440015436,37.14750478812266
-122.3291352073218,37.34733020115032
-122.48770810308287,37.758170364994164
-122.31352167799994,37.31707923510662
-122.18657877820333,37.005769599423914
-122.01798772155563,37.12383511478373
-122.10780772127943,37.35171185926121
-122.71925174387646,37.33813498175715
-122.25398314879354,37.22087113410311
-122.5565317387764,37.22418400282408
-122.76194104093302,37.34006410654145
-122.6671834003724,37.238858483931054
-122.4742913606013,37.334566320845504
-122.29147543922782,37.702931203333435
-122.445976678095,37.44817382927137
-122.57776615481382,37.64032913968972
-122.00042823845247,37.79693931968611
-122.2285953765433,37.745127993428426
-122.40109246012109,37.29183629414575
-122.29411145127739,37.68379119367037
-122.66289974511432,37.98007819961728
-122.72535357580125,37.03393238956858
-122.36143468851854,37.54499596784846
-122.74360675123492,37.77994392749315
-122.25373933036714,37.369771333449386
-122.64339749901498,37.744554744151586
-122.78926814257272,37.52538590185496
-122.78416223629594,37.995288704790795
-122.36530335244932,37.802349372921555
-122.20133374808938,37.014343966323864
-122.55340817970774,37.39403549021505
-122.12522121013635,37.34767841341285
-122.05570152867942,37.84683921617361
-122.94742776440381,37.421220604141105
-122.77223509533336,37.624946575383895
-122.49886641630422,37.80850949458985
-122.98293204140107,37.81567161072271
-122.19200676274228,37.119508711333296
-122.86829709555838,37.89166415766401
-122.04438294672207,37.41581081905
-122.56358131265942,37.235508546094024
-122.74800034758755,37.27185008292682
-122.10411201125208,37.60805826271659
-122.3175004764224,37.48105396598835
-122.2872133143144,37.22927866044504
-122.33064072715844,37.01669086344703
-122.40040464682858,37.22608989592201
-122.29360385236802,37.90509428597205
-122.98236379037495,37.65365451518478
-122.1789140572221,37.8613334928449
-122.57068256866134,37.56870467808952
-122.39435197063426,37.82470896225751
-122.69395893240376,37.839822725626156
-122.40117905936008,37.99330252615877
-122.86749599642553,37.93184068530311
-122.92822419693667,37.24598844926736
-122.14543646031717,37.43847870083835
-122.86788967937288,37.17382570098512
-122.72492736719944,37.95363539876252
-122.88363556061746,37.78755489606508
-122.52677621138955,37.69993095707579
-122.33437188318763,37.8096597078202
-122.72879190108051,37.13042581017046
-122.96213512600318,37.900983374607726
-122.0353433757473,37.210564258475024
-122.65897558647627,37.32815118085888
-122.06214506630005,37.439151620131945
-122.99179800804528,37.55571248942199
-122.1516016487746,37.2029090357948
-122.35634355104636,37.40543849624151
-122.20909919944732,37.51227183055208
-122.64036281240847,37.527712315089644
-122.30275494583537,37.956209351292266
-122.06509939079012,37.25238113713154
-122.58328770671376,37.65056506893229
-122.14398835341336,37.086470819426275
-122.72539109404462,37.08755014601224
-122.45629233392619,37.41577232411914
-122.99419900869006,37.12022340441337
-122.95970227506152,37.072522642542275
-122.31162230711256,37.18437693287098
-122.07704568198442,37.05781301128436
-122.8612234126658,37.53038493848124
-122.5747111779617,37.26602748370218
-122.66836347334204,37.444552752420456
-122.6040573960145,37.027732542567286
-122.16125235643317,37.27722801499554
-122.65730607999643,37.496231236566224
-122.37543758029761,37.560029102295424
-122.45058004455068,37.27876371851433
-122.42618752302667,37.97696536918156
-122.35201017480507,37.979084926841
-122.5543983702575,37.951016043996525
-122.46067167495131,37.184610716016444
-122.9709894165707,37.712462281836345
-122.86393017843261,37.44676849828027
-122.02813255098295,37.707105865316834
-122.70221274534599,37.01151621331457
-122.44027823960742,37.94483906501353
-122.25091415294175,37.51999199511473
-122.13593956776091,37.29978168520618
-122.33431337592884,37.754671168061634
-122.32188461122917,37.54172495614411
-122.99285077885197,37.34091001175058
-122.17169817357744,37.29294312400147
-122.45984593096027,37.64674908227392
-122.93084187607106,37.322938144696295
-122.5473191291981,37.38980769310625
-122.57981848953983,37.156033779473916
-122.18237374346103,37.97121435014827
-122.9872088120904,37.59461760729564
-122.96975802927966,37.87695539584584
-122.80454993405992,37.065811485857694
-122.81557503746043,37.49855029816434
-122.38538498386059,37.038578645362854
-122.94713275462303,37.33333368894329
-122.28103569828367,37.1800038451067
-122.36130318205416,37.29177448291472
-122.27796543784126,37.142372166825226
-122.43284324253453,37.196809176691666
-122.33914158618612,37.050654030685536
-122.42735884402511,37.44910257075912
-122.5188477726263,37.30882587615783
-122.89919360034443,37.81082815593336
-122.22649442635425,37.92682874191966
-122.30315349049393,37.25861126890127
-122.06316547684611,37.53400986387285
-122.15222646053466,37.76743556218601
-122.04872215640003,37.138289837555845
-122.56061083725007,37.08635744047963
-122.21988223811239,37.579606862895226
-122.61568294958346,37.64319507223704
-122.43371891919229,37.98257674174006
-122.21327681689364,37.825733697321425
-122.68645264292937,37.51636162848002
-122.52311115063378,37.77013570861253
-122.95774079191649,37.24786239374287
-122.03219897342527,37.53435416805626
-122.52169496581803,37.26437701346302
-122.57723378359236,37.71384223420972
-122.52532681967055,37.57583542173253
-122.89109693765863,37.27197107720298
-122.57966726706023,37.93293678092133
-122.09484964558669,37.438690562859094
-122.39856806617425,37.71292125245461
-122.06789621895945,37.49997738350628
-122.29648406037279,37.54973837555643
-122.43962914955083,37.09138632149728
-122.51076352119749,37.3191185203779
-122.40027249700802,37.104434928811095
-122.57674592644221,37.07883994288868
-122.29762213391001,37.96576324942582
-122.70272789640755,37.415511102881766
-122.59401386241151,37.329824689179404
-122.20430684835011,37.52935088398755
-122.42962007369724,37.31523882603004
-122.84682313496126,37.33841154540406
-122.83236953957974,37.16613382245216
-122.89716016897184,37.421432930892024
-122.20337017298988,37.55596809505665
-122.72986808441327,37.48796865202776
-122.08790046987764,37.412117562123186
-122.02749510786846,37.88585745148837
-122.3196316563526,37.553519773430565
-122.03156450615022,37.382244424854406
-122.92056211758077,37.95406477142893
-122.4367508264399,37.79691682827168
-122.31645927137116,37.00851600635836
-122.92355749685795,37.27801990494434
-122.75473917942142,37.781381344344865
-122.3715462460726,37.47887648123107
-122.54724484341513,37.04251729087314
-122.9679611433902,37.2698611628386
-122.68050928254402,37.645796181234964
-122.14081851195421,37.34792746004452
-122.85749123498597,37.22248796505487
-122.98291523527874,37.1615648055429
-122.16339221802289,37.59010318736189
-122.97730246211106,37.07815642857738
-122.51908126899225,37.96777198452084
-122.07595253826531,37.633424434707436
-122.11547321678087,37.97369669861724
-122.02235658667182,37.77611748400083
-122.26577118020747,37.53862678908512
-122.35743428113042,37.535266407954424
-122.56864072523062,37.49755364927451
-122.76491806168295,37.11985326275719
-122.33382736967361,37.49315949021151
-122.58011287203094,37.79034654323503
-122.15806016513555,37.645356368718815
-122.5453512959984,37.63758015138774
-122.53106803469865,37.74195775613789
-122.14971134461285,37.01966052911183
-122.91972959648187,37.153670805375555
-122.24171578106022,37.69339955722355
-122.21136843897605,37.167262570883324
-122.32071189486248,37.21053264104604
-122.04681304905988,37.42352446548126
-122.89649646041455,37.967592623206954
-122.60685102300069,37.31097503457757
-122.4176249669978,37.19308975571876
-122.92513573214609,37.739505031160164
-122.64252459772621,37.12553793855123
-122.91659893672959,37.56680463781469
-122.98608877902662,37.660276740043706
-122.92510761300016,37.84598808667217
-122.87594863378128,37.61066860301273
-122.5300195103522,37.823796751012466
-122.55442349407673,37.310361836525296
-122.6948962728369,37.31006091940061
-122.10392192325332,37.73797019284186
-122.06602490123025,37.247140137595245
-122.64185992280085,37.512473646626006
-122.40479249113102,37.23850918050013
-122.11692643480202,37.109565672528866
-122.50689436951649,37.33663134355527
-122.53131932666082,37.663469525145224
-122.94218158570514,37.47507905644114
-122.25395491834328,37.56494746255348
-122.8568159774395,37.60575668108289
-122.12759964088005,37.74009189881507
-122.03187111005956,37.677576765786846
-122.73495288035369,37.038795726026386
-122.42000279265008,37.52133604433262
-122.7021482601797,37.16911516397312
-122.68179631464797,37.94655299185527
-122.00755498677906,37.74276996122419
-122.37262020462697,37.036963050960324
-122.5135916303409,37.73527546363136
-122.16470896855482,37.883283826182975
-122.70832533749508,37.99751624666277
-122.7204335288783,37.45638309173494
-122.6952209603701,37.47909392385703
-122.73780985788922,37.259765200205166
-122.57637710530194,37.23013336481675
-122.99203225113395,37.850213271004094
-122.17821492318784,37.5484102187608
-122.66399340941881,37.04610648131165
-122.24528041327311,37.762897183979035
-122.91380272837834,37.73419853719076
-122.54744864972804,37.81270015098283
-122.21641087782068,37.28591496799503
-122.99262647968517,37.77745822620308
-122.35390271565176,37.53749107339449
-122.39048138072869,37.59957792007212
-122.71937769640375,37.75641595875194
-122.61461749544648,37.362531624280244
-122.50191753404043,37.34421529052786
-122.5174097238822,37.971731598037515
-122.29531153246637,37.280967038760195
-122.53415840696255,37.32435056897839
-122.82129496503602,37.449451181217654
-122.9806590868534,37.476533712171424
-122.26634107125196,37.6459350014579
-122.47694928409703,37.86364057119782
-122.9434830339775,37.51010898564463
-122.677148230754,37.98835927435753
-122.5998019788349,37.22394080655057
-122.64337048367881,37.408133677968586
-122.55498448377028,37.562936024629025
-122.7290226702439,37.26435563596107
-122.47099268554298,37.146272324989766
-122.93917808284074,37.987414814412055
-122.66973322982072,37.73488315994274
-122.59387188637349,37.37098684520683
-122.6972065492508,37.50265855529875
-122.18625364868457,37.95272218609285
-122.73925798986473,37.05418068294299
-122.66188722321616,37.92034972503016
-122.33944040985685,37.20146435956659
-122.23236045372869,37.68297360679611
-122.54755581937948,37.823942749184816
-122.95828560872067,37.044313340730326
-122.60948442217305,37.647183058369826
-122.53126657082869,37.943458765037306
-122.55949779803615,37.270007278636655
-122.47421222822612,37.50336273178413
-122.44889508511369,37.38711610217504
-122.24764907377407,37.31808294946026
-122.77171004930504,37.5270342787666
-122.30107116119564,37.57354930480224
-122.34813502852049,37.52784242971795
-122.25122270008984,37.81446158666057
-122.54250985700354,37.47926917895554
-122.56775226614772,37.20843030294024
-122.87712257350887,37.152370237187085
-122.6630884963812,37.08824036583332
-122.40629353026699,37.2552942450075
-122.2417925053927,37.665991077530286
-122.5301124740168,37.156822574460904
-122.64809537626998,37.73489071687193
-122.2998526370542,37.35622938488055
-122.98542214708976,37.787366789533706
-122.365371363257,37.74135948178842
-122.3526998561848,37.32726002384695
-122.87425864960474,37.23542136298671
-122.58440896792158,37.70656280249298
-122.81366030529063,37.71517975088629
-122.88252311914793,37.23587545903327
-122.77911425322256,37.185057757038045
-122.66034947030543,37.781655530896394
-122.6249178879766,37.30157209533932
-122.00202944635292,37.55016799982729
-122.02840888479311,37.40552699965133
-122.83236666341784,37.03585968888412
-122.08530429882886,37.41954454985651
-122.31108320311694,37.184181337146775
-122.21732819635223,37.16115563769158
-122.34867964031025,37.2544546378034
-122.31617787462402,37.26301919436022
-122.90946514654975,37.46038291132721
-122.72114215392388,37.39478088903314
-122.23889050270279,37.48717570698365
-122.18685538706052,37.631302316271835
-122.5341747435199,37.832381798127365
-122.58092669884446,37.94300329871419
-122.31361884895587,37.07462979586451
-122.45867828698917,37.59920429079415
-122.97190982768723,37.82858881869046
-122.8283212349334,37.492121672749754
-122.0235733994729,37.364527136169045
-122.76163277157903,37.237371698790604
-122.44869786989955,37.001499856962326
-122.19050547949963,37.969299933937506
-122.13847831908332,37.09192992837051
-122.60295090876136,37.66144031063461
-122.38416577327362,37.38899549178751
-122.50321056551421,37.32759364116048
-122.11697416192915,37.14249932575352
-122.14706858763951,37.518883419008596
-122.75774709460617,37.256625469097024
-122.15622069666964,37.966096186764254
-122.16209115179853,37.41317200167095
-122.33951669900829,37.155994427272574
-122.14667677233864,37.20847285113977
-122.69746901073464,37.4609063047735
-122.12813012133368,37.40117713869925
-122.58744640709556,37.546519001278206
-122.61098499572643,37.37093910130752
-122.94320935668216,37.595809493791855
-122.93629038978166,37.55564917689457
-122.05421240274211,37.59808215818688
-122.45133784627025,37.67609151184831
-122.22027288640363,37.34250661652867
-122.88253785735016,37.296916508356325
-122.49935819882647,37.933629721513874
-122.87319318411312,37.5389652204745
-122.76921017670799,37.54000606380853
-122.01908677518095,37.89735257597412
-122.51718598525179,37.309662740717485
-122.17811760956204,37.92193562710875
-122.79799224384764,37.681434660860624
-122.89738098452922,37.260651120017464
-122.84366207092178,37.79915189823736
-122.51843279626125,37.46212835770979
-122.32174729577073,37.14393396862741
